{
    "articles": [
        {
            "id": 1,
            "title": "The Benefits of Yoga for Mind and Body",
            "description": "Discover the many benefits of practicing yoga for both your mind and body. Not only does yoga improve flexibility and strength, but it can also reduce stress and anxiety, improve sleep quality, and boost overall well-being. By combining physical postures, breathing techniques, and meditation, yoga can help you find balance and inner peace. Whether you're a seasoned yogi or new to the practice, this article will show you how to incorporate yoga into your daily routine for optimal health and happiness.",
            "image": "assets/img/sample-image.jpg",
            "author": "Jane Doe",
            "date": "2022-04-01"
        },
        {
            "id": 2,
            "title": "The Importance of Diversity and Inclusion in the Workplace",
            "description": "Diversity and inclusion are essential for creating a successful and inclusive workplace culture. Not only does a diverse workforce bring a variety of perspectives and experiences to the table, but it also leads to better decision-making and innovation. However, creating a truly inclusive workplace involves more than just hiring a diverse workforce. It requires ongoing education, training, and a commitment to creating a safe and welcoming environment for all employees. This article will explore the importance of diversity and inclusion in the workplace and provide tips for creating a more inclusive workplace culture.",
            "image": "assets/img/sample-image.jpg",
            "author": "John Smith",
            "date": "2022-03-15"
        },
        {
            "id": 3,
            "title": "The Future of Sustainable Fashion",
            "description": "Sustainable fashion is no longer a niche market, but a growing trend that is transforming the fashion industry. As consumers become more conscious of the environmental and social impact of their purchasing decisions, sustainable fashion brands are emerging to meet this demand. From using eco-friendly materials and ethical labor practices to implementing circular economy models, sustainable fashion is paving the way for a more responsible and sustainable future. This article will explore the future of sustainable fashion and the impact it will have on the fashion industry.",
            "image": "assets/img/sample-image.jpg",
            "author": "Sarah Lee",
            "date": "2022-03-20"
        },
        {
            "id": 4,
            "title": "The Benefits of a Plant-Based Diet",
            "description": "A plant-based diet is not only good for the environment, but it also has numerous health benefits. Studies have shown that a plant-based diet can lower the risk of chronic diseases such as heart disease, diabetes, and certain cancers. By incorporating more fruits, vegetables, whole grains, and plant-based proteins into your diet, you can improve your overall health and well-being. This article will explore the benefits of a plant-based diet and provide tips for making the transition to a more plant-based lifestyle.",
            "image": "assets/img/sample-image.jpg",
            "author": "David Kim",
            "date": "2022-03-10"
        },
        {
            "id": 5,
            "title": "The Rise of Remote Work: Opportunities and Challenges",
            "description": "The COVID-19 pandemic has accelerated the trend of remote work, with many companies now offering flexible work arrangements to their employees. While remote work offers many benefits such as increased flexibility and work-life balance, it also presents unique challenges such as maintaining productivity and communication. This article will explore the opportunities and challenges of remote work, and provide tips for making the most of this new way of working.",
            "image": "assets/img/sample-image.jpg",
            "author": "Emily Chen",
            "date": "2022-04-02"
        },
        {
            "id": 6,
            "title": "The Future of Sustainable Fashion",
            "description": "Sustainable fashion is no longer a niche market, but a growing trend that is transforming the fashion industry. As consumers become more conscious of the environmental and social impact of their purchasing decisions, sustainable fashion brands are emerging to meet this demand. From using eco-friendly materials and ethical labor practices to implementing circular economy models, sustainable fashion is paving the way for a more responsible and sustainable future. This article will explore the future of sustainable fashion and the impact it will have on the fashion industry.",
            "image": "assets/img/sample-image.jpg",
            "author": "Sarah Lee",
            "date": "2022-03-20"
        }
    ]
}